sample	expectation	prediction
S1.1.09	58	57.99999999999997
S1.1.06	16	15.999999999999968
S1.1.12	46	45.99999999999997
S1.1.20	4	4.000000000000039
S1.1.13	13	13.000000000000014
S1.1.19	2	2.000000000000046
S1.1.07	43	43.000000000000014
S1.1.02	25	25.00000000000004
S1.1.05	14	13.999999999999996
S1.1.18	4	4.000000000000025
S1.1.03	16	15.999999999999993
S1.1.11	15	14.999999999999972
S1.1.10	46	45.99999999999997
S1.1.14	5	4.9999999999999964
S1.1.08	17	17.0
S1.1.04	48	47.99999999999996
