sample	expectation	prediction
S1.1.14	5	10.311555311827238
S1.1.12	46	42.83923515022431
S1.1.18	4	9.805514312581
S1.1.16	7	6.5146807617953435
