sample	expectation	prediction
S1.1.16	7	10.35622159397904
S1.1.17	8	13.257944793425331
S1.1.01	24	21.079449432082484
S1.1.15	6	4.000000000000039
