RMSE	MSE	SMAPE	MAPE	MAE	R2	aR2
4.812932	23.164312	0.235358	0.300421	3.039792	0.934536	0.911962
