RMSE	MSE	SMAPE	MAPE	MAE	R2	aR2
3.563813	12.700762	0.271978	0.443417	2.930493	0.958048	0.955233
