RMSE	MSE	SMAPE	MAPE	MAE	R2	aR2
5.00531	25.05313	0.319513	0.657078	3.595588	0.910266	0.879324
