RMSE	MSE	SMAPE	MAPE	MAE	R2	aR2
4.239805	17.975944	0.313293	0.575659	3.281347	0.944024	0.940267
