RMSE	MSE	SMAPE	MAPE	MAE	R2	aR2
2.43458	5.92718	0.12906	0.168554	1.412101	0.980821	0.974208
