feature	importance
Locus_9_A9	9.859739
Locus_1_A12	9.137341
Locus_2_A13	9.137104
Locus_6_A4	9.136988
Locus_5_A16	9.136986
Locus_4_A4	6.35319
Locus_9_A8	5.08215
Locus_10_A18	2.050494
Locus_1_A6	2.05035
Locus_2_A7	2.050243
