RMSE	MSE	SMAPE	MAPE	MAE	R2	aR2
8.766133	76.8451	0.362291	0.717445	5.420004	0.760708	0.744649
