RMSE	MSE	SMAPE	MAPE	MAE	R2	aR2
8.888181	78.99975	0.387362	0.873287	5.518922	0.717044	0.619473
