feature	train_mean	train_std	test_mean	test_std
Locus_9_A9	1.62555	0.280493	1.211546	0.294397
Locus_2_A7	0.071815	0.068252	0.194923	0.098589
Locus_10_A18	0.0	0.0	0.0	0.0
Locus_1_A12	0.0	0.0	0.0	0.0
Locus_1_A6	0.0	0.0	0.0	0.0
Locus_2_A13	0.0	0.0	0.0	0.0
Locus_4_A4	0.0	0.0	0.0	0.0
Locus_5_A16	0.0	0.0	0.0	0.0
Locus_6_A4	0.0	0.0	0.0	0.0
Locus_9_A8	0.0	0.0	0.0	0.0
