RMSE	MSE	SMAPE	MAPE	MAE	R2	aR2
2.801661	7.849303	0.128947	0.1364	1.522747	0.974999	0.973321
