RMSE	MSE	SMAPE	MAPE	MAE	R2	aR2
2.344136	5.494971	0.135341	0.144336	1.452803	0.98185	0.980632
