RMSE	MSE	SMAPE	MAPE	MAE	R2	aR2
4.153757	17.253698	0.130396	0.129324	1.975514	0.95124	0.934426
