RMSE	MSE	SMAPE	MAPE	MAE	R2	aR2
3.055657	9.337037	0.14877	0.179107	1.884573	0.966557	0.955025
