RMSE	MSE	SMAPE	MAPE	MAE	R2	aR2
4.091307	16.738796	0.128693	0.129313	1.949527	0.952695	0.936383
