RMSE	MSE	SMAPE	MAPE	MAE	R2	aR2
2.32953	5.426712	0.13289	0.143987	1.436883	0.982075	0.980872
