RMSE	MSE	SMAPE	MAPE	MAE	R2	aR2
2.69901	7.284657	0.143763	0.15367	1.661245	0.977316	0.975794
