RMSE	MSE	SMAPE	MAPE	MAE	R2	aR2
3.746665	14.0375	0.072285	0.070349	1.375	0.960329	0.946649
