RMSE	MSE	SMAPE	MAPE	MAE	R2	aR2
2.88639	8.33125	0.086239	0.088522	1.01875	0.974057	0.972316
