RMSE	MSE	SMAPE	MAPE	MAE	R2	aR2
2.641023	6.975	0.084163	0.126931	1.225	0.975017	0.966403
