RMSE	MSE	SMAPE	MAPE	MAE	R2	aR2
2.584811	6.68125	0.09529	0.108344	1.0375	0.977931	0.97645
