RMSE	MSE	SMAPE	MAPE	MAE	R2	aR2
2.367604	5.605546	0.137414	0.151346	1.453379	0.981484	0.980242
