RMSE	MSE	SMAPE	MAPE	MAE	R2	aR2
4.087272	16.70579	0.128022	0.129727	1.924138	0.952788	0.936508
