RMSE	MSE	SMAPE	MAPE	MAE	R2	aR2
2.971581	8.830292	0.136209	0.173195	1.736374	0.968372	0.957466
