RMSE	MSE	SMAPE	MAPE	MAE	R2	aR2
2.66258	7.08933	0.132391	0.146037	1.520706	0.977924	0.976443
