RMSE	MSE	SMAPE	MAPE	MAE	R2	aR2
3.990915	15.927403	0.145023	0.146883	1.956052	0.954988	0.939467
