RMSE	MSE	SMAPE	MAPE	MAE	R2	aR2
3.218943	10.361596	0.151887	0.192752	1.956644	0.962888	0.95009
