RMSE	MSE	SMAPE	MAPE	MAE	R2	aR2
2.360027	5.569728	0.148522	0.165298	1.494682	0.981603	0.980368
