RMSE	MSE	SMAPE	MAPE	MAE	R2	aR2
2.602993	6.775573	0.119788	0.122885	1.464899	0.978901	0.977485
