sample	expectation	prediction
S1.1.14	5	9.680897208048659
S1.1.16	7	6.388594280702964
S1.1.10	46	51.578045419728944
S1.1.15	6	3.999999999999986
