sample	expectation	prediction
S1.1.20	4	3.999999999999986
S1.1.18	4	3.999999999999954
S1.1.17	8	8.000000000000046
S1.1.07	43	43.000000000000014
S1.1.06	16	15.99999999999999
S1.1.01	24	23.999999999999982
S1.1.12	46	45.999999999999986
S1.1.04	48	48.00000000000003
S1.1.05	14	13.999999999999998
S1.1.03	16	16.000000000000007
S1.1.13	13	13.000000000000007
S1.1.11	15	15.000000000000002
S1.1.09	58	58.000000000000014
S1.1.02	25	24.99999999999997
S1.1.08	17	16.99999999999999
S1.1.19	2	2.000000000000039
