sample	expectation	prediction
S1.1.11	15	23.287001253288107
S1.1.17	8	10.233146600634637
S1.1.20	4	6.000000000000021
S1.1.08	17	15.424169596688298
