RMSE	MSE	SMAPE	MAPE	MAE	R2	aR2
3.042416	9.256294	0.141322	0.168971	1.793507	0.966846	0.955414
