RMSE	MSE	SMAPE	MAPE	MAE	R2	aR2
4.145712	17.186929	0.14547	0.141016	2.015878	0.951428	0.93468
