RMSE	MSE	SMAPE	MAPE	MAE	R2	aR2
2.448618	5.995732	0.146791	0.157357	1.544958	0.980196	0.978867
