RMSE	MSE	SMAPE	MAPE	MAE	R2	aR2
2.69612	7.269065	0.141887	0.167854	1.597356	0.977365	0.975845
