RMSE	MSE	SMAPE	MAPE	MAE	R2	aR2
6.487316	42.085264	0.300892	0.434515	4.328825	0.868949	0.860153
