RMSE	MSE	SMAPE	MAPE	MAE	R2	aR2
4.499305	20.243748	0.23676	0.307272	3.190458	0.933133	0.928646
