RMSE	MSE	SMAPE	MAPE	MAE	R2	aR2
5.876046	34.527916	0.283282	0.453359	3.750806	0.87633	0.833685
