RMSE	MSE	SMAPE	MAPE	MAE	R2	aR2
5.696183	32.446497	0.21533	0.233629	3.512977	0.908304	0.876684
