RMSE	MSE	SMAPE	MAPE	MAE	R2	aR2
2.88405	8.317746	0.148531	0.182544	1.499717	0.970208	0.959935
