RMSE	MSE	SMAPE	MAPE	MAE	R2	aR2
3.076846	9.466979	0.111804	0.129969	1.242045	0.97052	0.968542
