RMSE	MSE	SMAPE	MAPE	MAE	R2	aR2
2.66319	7.092583	0.113595	0.139333	1.149947	0.976573	0.975
