RMSE	MSE	SMAPE	MAPE	MAE	R2	aR2
3.708325	13.751675	0.065558	0.065986	1.302686	0.961137	0.947736
