RMSE	MSE	SMAPE	MAPE	MAE	R2	aR2
2.703666	7.309809	0.143918	0.167316	1.580903	0.977238	0.97571
