RMSE	MSE	SMAPE	MAPE	MAE	R2	aR2
4.057045	16.459612	0.13144	0.132106	1.934439	0.953484	0.937444
