RMSE	MSE	SMAPE	MAPE	MAE	R2	aR2
3.109137	9.666734	0.155307	0.212383	1.897917	0.965376	0.953437
