RMSE	MSE	SMAPE	MAPE	MAE	R2	aR2
2.369618	5.615091	0.137904	0.151969	1.443875	0.981453	0.980208
