RMSE	MSE	SMAPE	MAPE	MAE	R2	aR2
3.194892	10.207337	0.148989	0.184112	1.912267	0.96344	0.950833
