RMSE	MSE	SMAPE	MAPE	MAE	R2	aR2
2.334128	5.448156	0.126172	0.134415	1.407568	0.982004	0.980797
