RMSE	MSE	SMAPE	MAPE	MAE	R2	aR2
4.097036	16.785704	0.12986	0.131447	1.943889	0.952562	0.936205
