RMSE	MSE	SMAPE	MAPE	MAE	R2	aR2
2.614456	6.835379	0.121438	0.124553	1.489534	0.978715	0.977286
