RMSE	MSE	SMAPE	MAPE	MAE	R2	aR2
2.402369	5.771376	0.147231	0.153135	1.550205	0.980937	0.979657
