RMSE	MSE	SMAPE	MAPE	MAE	R2	aR2
3.56958	12.741905	0.176753	0.230972	2.173281	0.954362	0.938625
