RMSE	MSE	SMAPE	MAPE	MAE	R2	aR2
2.638855	6.963554	0.140234	0.147779	1.5712	0.978316	0.976861
