RMSE	MSE	SMAPE	MAPE	MAE	R2	aR2
4.150989	17.230711	0.143471	0.137047	2.017429	0.951305	0.934513
