RMSE	MSE	SMAPE	MAPE	MAE	R2	aR2
2.639937	6.969268	0.165626	0.194408	1.967818	0.975038	0.96643
