RMSE	MSE	SMAPE	MAPE	MAE	R2	aR2
3.618791	13.095648	0.162568	0.178826	2.347581	0.959221	0.956484
