RMSE	MSE	SMAPE	MAPE	MAE	R2	aR2
6.001624	36.01949	0.170903	0.172602	3.346055	0.898206	0.863105
