RMSE	MSE	SMAPE	MAPE	MAE	R2	aR2
4.124179	17.008852	0.196289	0.208897	2.851872	0.943819	0.940048
