RMSE	MSE	SMAPE	MAPE	MAE	R2	aR2
2.856309	8.158501	0.121141	0.180797	1.480238	0.970778	0.960702
