RMSE	MSE	SMAPE	MAPE	MAE	R2	aR2
2.653089	7.038881	0.105287	0.118331	1.150615	0.97675	0.97519
