RMSE	MSE	SMAPE	MAPE	MAE	R2	aR2
3.758753	14.12822	0.074775	0.074305	1.41036	0.960073	0.946304
