RMSE	MSE	SMAPE	MAPE	MAE	R2	aR2
2.913316	8.487411	0.098598	0.116839	1.082889	0.973571	0.971797
