RMSE	MSE	SMAPE	MAPE	MAE	R2	aR2
6.712408	45.056423	0.425481	0.537141	4.418117	0.83862	0.782972
