RMSE	MSE	SMAPE	MAPE	MAE	R2	aR2
2.625202	6.891682	0.176272	0.19266	1.75004	0.977236	0.975709
