RMSE	MSE	SMAPE	MAPE	MAE	R2	aR2
6.448736	41.586193	0.363996	0.453279	4.180414	0.870503	0.861812
