RMSE	MSE	SMAPE	MAPE	MAE	R2	aR2
4.335028	18.79247	0.150883	0.148849	2.121618	0.946891	0.928578
