RMSE	MSE	SMAPE	MAPE	MAE	R2	aR2
2.622765	6.878898	0.126356	0.133874	1.484535	0.978579	0.977142
