RMSE	MSE	SMAPE	MAPE	MAE	R2	aR2
2.345177	5.499856	0.137071	0.151053	1.468565	0.981834	0.980614
