RMSE	MSE	SMAPE	MAPE	MAE	R2	aR2
3.115558	9.7067	0.145302	0.186192	1.890369	0.965233	0.953245
