RMSE	MSE	SMAPE	MAPE	MAE	R2	aR2
4.069329	16.559439	0.126548	0.127618	1.931755	0.953202	0.937064
