RMSE	MSE	SMAPE	MAPE	MAE	R2	aR2
2.83501	8.037283	0.145797	0.159958	1.686181	0.974972	0.973293
