RMSE	MSE	SMAPE	MAPE	MAE	R2	aR2
3.383373	11.447215	0.166704	0.218541	2.105618	0.958999	0.944861
