RMSE	MSE	SMAPE	MAPE	MAE	R2	aR2
4.123596	17.004045	0.132171	0.133327	1.986943	0.951945	0.935375
