RMSE	MSE	SMAPE	MAPE	MAE	R2	aR2
2.324259	5.40218	0.127401	0.135327	1.410442	0.982156	0.980959
