RMSE	MSE	SMAPE	MAPE	MAE	R2	aR2
2.566408	6.586448	0.111624	0.139144	1.170688	0.978244	0.976784
