RMSE	MSE	SMAPE	MAPE	MAE	R2	aR2
3.997026	15.976215	0.079581	0.079867	1.548591	0.95485	0.939281
