RMSE	MSE	SMAPE	MAPE	MAE	R2	aR2
2.875131	8.26638	0.128322	0.18626	1.548539	0.970392	0.960182
