RMSE	MSE	SMAPE	MAPE	MAE	R2	aR2
2.902716	8.42576	0.105395	0.123467	1.146548	0.973763	0.972002
