RMSE	MSE	SMAPE	MAPE	MAE	R2	aR2
2.339151	5.471627	0.133537	0.144329	1.419257	0.981927	0.980714
