RMSE	MSE	SMAPE	MAPE	MAE	R2	aR2
4.131025	17.065365	0.130292	0.130816	1.950444	0.951772	0.935142
