RMSE	MSE	SMAPE	MAPE	MAE	R2	aR2
2.987284	8.923868	0.14303	0.184435	1.780766	0.968037	0.957015
