RMSE	MSE	SMAPE	MAPE	MAE	R2	aR2
2.661566	7.083931	0.134642	0.15361	1.530778	0.977941	0.976461
